{
  "service": {
    "service": "web-app",
    "serviceObject": {
      "name": "web-app"
    },
    "provider": {
      "name": "aws",
      "runtime": "nodejs14.x",
      "region": "us-east-1",
      "stage": "dev",
      "memorySize": 512,
      "timeout": 30,
      "logRetentionInDays": 7,
      "lambdaHashingVersion": "20201221",
      "apiGateway": {
        "shouldStartNameWithService": true
      },
      "environment": {
        "SERVERLESS_PROJECT": "web-app",
        "SERVERLESS_REGION": "us-east-1",
        "SERVERLESS_STAGE": "dev",
        "DATABASE_NAME": "vinereserveclub",
        "DATABASE_USERNAME": "vine_reserve",
        "DATABASE_PASSWORD": "V1n3r353rv3clu6",
        "DATABASE_ADDRESS": "54.197.143.61",
        "DATABASE_PORT": "51853",
        "SLS_DEBUG": "*",
        "APP_DIST_URL": {
          "Fn::Join": [
            "",
            [
              "https://s3.amazonaws.com/",
              {
                "Ref": "DistBucket"
              }
            ]
          ]
        },
        "APP_PUBLIC_URL": {
          "Fn::Join": [
            "",
            [
              "https://s3.amazonaws.com/",
              {
                "Ref": "DistBucket"
              }
            ]
          ]
        },
        "APIGATEWAY_URL": {
          "Fn::Join": [
            "",
            [
              "https://",
              {
                "Ref": "ApiGatewayRestApi"
              },
              ".execute-api.",
              {
                "Ref": "AWS::Region"
              },
              ".amazonaws.com/",
              "dev"
            ]
          ]
        }
      },
      "versionFunctions": true,
      "compiledCloudFormationTemplate": {
        "AWSTemplateFormatVersion": "2010-09-09",
        "Description": "The AWS CloudFormation template for this Serverless application",
        "Resources": {
          "ServerlessDeploymentBucket": {
            "Type": "AWS::S3::Bucket",
            "Properties": {
              "BucketEncryption": {
                "ServerSideEncryptionConfiguration": [
                  {
                    "ServerSideEncryptionByDefault": {
                      "SSEAlgorithm": "AES256"
                    }
                  }
                ]
              }
            }
          },
          "ServerlessDeploymentBucketPolicy": {
            "Type": "AWS::S3::BucketPolicy",
            "Properties": {
              "Bucket": {
                "Ref": "ServerlessDeploymentBucket"
              },
              "PolicyDocument": {
                "Statement": [
                  {
                    "Action": "s3:*",
                    "Effect": "Deny",
                    "Principal": "*",
                    "Resource": [
                      {
                        "Fn::Join": [
                          "",
                          [
                            "arn:",
                            {
                              "Ref": "AWS::Partition"
                            },
                            ":s3:::",
                            {
                              "Ref": "ServerlessDeploymentBucket"
                            },
                            "/*"
                          ]
                        ]
                      },
                      {
                        "Fn::Join": [
                          "",
                          [
                            "arn:",
                            {
                              "Ref": "AWS::Partition"
                            },
                            ":s3:::",
                            {
                              "Ref": "ServerlessDeploymentBucket"
                            }
                          ]
                        ]
                      }
                    ],
                    "Condition": {
                      "Bool": {
                        "aws:SecureTransport": false
                      }
                    }
                  }
                ]
              }
            }
          },
          "ServeLogGroup": {
            "Type": "AWS::Logs::LogGroup",
            "Properties": {
              "LogGroupName": "/aws/lambda/web-app-dev-serve",
              "RetentionInDays": 7
            }
          },
          "IamRoleLambdaExecution": {
            "Type": "AWS::IAM::Role",
            "Properties": {
              "AssumeRolePolicyDocument": {
                "Version": "2012-10-17",
                "Statement": [
                  {
                    "Effect": "Allow",
                    "Principal": {
                      "Service": [
                        "lambda.amazonaws.com"
                      ]
                    },
                    "Action": [
                      "sts:AssumeRole"
                    ]
                  }
                ]
              },
              "Policies": [
                {
                  "PolicyName": {
                    "Fn::Join": [
                      "-",
                      [
                        "web-app",
                        "dev",
                        "lambda"
                      ]
                    ]
                  },
                  "PolicyDocument": {
                    "Version": "2012-10-17",
                    "Statement": [
                      {
                        "Effect": "Allow",
                        "Action": [
                          "logs:CreateLogStream",
                          "logs:CreateLogGroup"
                        ],
                        "Resource": [
                          {
                            "Fn::Sub": "arn:${AWS::Partition}:logs:${AWS::Region}:${AWS::AccountId}:log-group:/aws/lambda/web-app-dev*:*"
                          }
                        ]
                      },
                      {
                        "Effect": "Allow",
                        "Action": [
                          "logs:PutLogEvents"
                        ],
                        "Resource": [
                          {
                            "Fn::Sub": "arn:${AWS::Partition}:logs:${AWS::Region}:${AWS::AccountId}:log-group:/aws/lambda/web-app-dev*:*:*"
                          }
                        ]
                      }
                    ]
                  }
                }
              ],
              "Path": "/",
              "RoleName": {
                "Fn::Join": [
                  "-",
                  [
                    "web-app",
                    "dev",
                    {
                      "Ref": "AWS::Region"
                    },
                    "lambdaRole"
                  ]
                ]
              }
            }
          },
          "ServeLambdaFunction": {
            "Type": "AWS::Lambda::Function",
            "Properties": {
              "Code": {
                "S3Bucket": {
                  "Ref": "ServerlessDeploymentBucket"
                },
                "S3Key": "serverless/web-app/dev/1653505326095-2022-05-25T19:02:06.095Z/web-app.zip"
              },
              "Handler": "handler.serve",
              "Runtime": "nodejs14.x",
              "FunctionName": "web-app-dev-serve",
              "MemorySize": 512,
              "Timeout": 30,
              "Environment": {
                "Variables": {
                  "SERVERLESS_PROJECT": "web-app",
                  "SERVERLESS_REGION": "us-east-1",
                  "SERVERLESS_STAGE": "dev",
                  "DATABASE_NAME": "vinereserveclub",
                  "DATABASE_USERNAME": "vine_reserve",
                  "DATABASE_PASSWORD": "V1n3r353rv3clu6",
                  "DATABASE_ADDRESS": "54.197.143.61",
                  "DATABASE_PORT": "51853",
                  "SLS_DEBUG": "*",
                  "APP_DIST_URL": {
                    "$ref": "$[\"service\"][\"provider\"][\"environment\"][\"APP_DIST_URL\"]"
                  },
                  "APP_PUBLIC_URL": {
                    "$ref": "$[\"service\"][\"provider\"][\"environment\"][\"APP_PUBLIC_URL\"]"
                  },
                  "APIGATEWAY_URL": {
                    "$ref": "$[\"service\"][\"provider\"][\"environment\"][\"APIGATEWAY_URL\"]"
                  }
                }
              },
              "Role": {
                "Fn::GetAtt": [
                  "IamRoleLambdaExecution",
                  "Arn"
                ]
              }
            },
            "DependsOn": [
              "ServeLogGroup"
            ]
          },
          "ServeLambdaVersion8vcteUpkdPN8RDjtDhjSFG3RNb29D1aZx3oQayz1jY": {
            "Type": "AWS::Lambda::Version",
            "DeletionPolicy": "Retain",
            "Properties": {
              "FunctionName": {
                "Ref": "ServeLambdaFunction"
              },
              "CodeSha256": "rWK6Mo4qQNkZtGOiaC4zGjjKKr79ks330/BiS3fggZg="
            }
          },
          "ApiGatewayRestApi": {
            "Type": "AWS::ApiGateway::RestApi",
            "Properties": {
              "Name": "web-app-dev",
              "EndpointConfiguration": {
                "Types": [
                  "EDGE"
                ]
              },
              "Policy": "",
              "MinimumCompressionSize": 1000
            }
          },
          "ApiGatewayResourceAnyVar": {
            "Type": "AWS::ApiGateway::Resource",
            "Properties": {
              "ParentId": {
                "Fn::GetAtt": [
                  "ApiGatewayRestApi",
                  "RootResourceId"
                ]
              },
              "PathPart": "{any+}",
              "RestApiId": {
                "Ref": "ApiGatewayRestApi"
              }
            }
          },
          "ApiGatewayResourceNewsletters": {
            "Type": "AWS::ApiGateway::Resource",
            "Properties": {
              "ParentId": {
                "Fn::GetAtt": [
                  "ApiGatewayRestApi",
                  "RootResourceId"
                ]
              },
              "PathPart": "newsletters",
              "RestApiId": {
                "Ref": "ApiGatewayRestApi"
              }
            }
          },
          "ApiGatewayResourceNewslettersCreate": {
            "Type": "AWS::ApiGateway::Resource",
            "Properties": {
              "ParentId": {
                "Ref": "ApiGatewayResourceNewsletters"
              },
              "PathPart": "create",
              "RestApiId": {
                "Ref": "ApiGatewayRestApi"
              }
            }
          },
          "ApiGatewayMethodOptions": {
            "Type": "AWS::ApiGateway::Method",
            "Properties": {
              "AuthorizationType": "NONE",
              "HttpMethod": "OPTIONS",
              "MethodResponses": [
                {
                  "StatusCode": "200",
                  "ResponseParameters": {
                    "method.response.header.Access-Control-Allow-Origin": true,
                    "method.response.header.Access-Control-Allow-Headers": true,
                    "method.response.header.Access-Control-Allow-Methods": true
                  },
                  "ResponseModels": {}
                }
              ],
              "RequestParameters": {},
              "Integration": {
                "Type": "MOCK",
                "RequestTemplates": {
                  "application/json": "{statusCode:200}"
                },
                "ContentHandling": "CONVERT_TO_TEXT",
                "IntegrationResponses": [
                  {
                    "StatusCode": "200",
                    "ResponseParameters": {
                      "method.response.header.Access-Control-Allow-Origin": "'*'",
                      "method.response.header.Access-Control-Allow-Headers": "'Content-Type,X-Amz-Date,Authorization,X-Api-Key,X-Amz-Security-Token,X-Amz-User-Agent'",
                      "method.response.header.Access-Control-Allow-Methods": "'OPTIONS,DELETE,GET,HEAD,PATCH,POST,PUT'"
                    },
                    "ResponseTemplates": {
                      "application/json": ""
                    }
                  }
                ]
              },
              "ResourceId": {
                "Fn::GetAtt": [
                  "ApiGatewayRestApi",
                  "RootResourceId"
                ]
              },
              "RestApiId": {
                "Ref": "ApiGatewayRestApi"
              }
            }
          },
          "ApiGatewayMethodAnyVarOptions": {
            "Type": "AWS::ApiGateway::Method",
            "Properties": {
              "AuthorizationType": "NONE",
              "HttpMethod": "OPTIONS",
              "MethodResponses": [
                {
                  "StatusCode": "200",
                  "ResponseParameters": {
                    "method.response.header.Access-Control-Allow-Origin": true,
                    "method.response.header.Access-Control-Allow-Headers": true,
                    "method.response.header.Access-Control-Allow-Methods": true
                  },
                  "ResponseModels": {}
                }
              ],
              "RequestParameters": {},
              "Integration": {
                "Type": "MOCK",
                "RequestTemplates": {
                  "application/json": "{statusCode:200}"
                },
                "ContentHandling": "CONVERT_TO_TEXT",
                "IntegrationResponses": [
                  {
                    "StatusCode": "200",
                    "ResponseParameters": {
                      "method.response.header.Access-Control-Allow-Origin": "'*'",
                      "method.response.header.Access-Control-Allow-Headers": "'Content-Type,X-Amz-Date,Authorization,X-Api-Key,X-Amz-Security-Token,X-Amz-User-Agent'",
                      "method.response.header.Access-Control-Allow-Methods": "'OPTIONS,DELETE,GET,HEAD,PATCH,POST,PUT'"
                    },
                    "ResponseTemplates": {
                      "application/json": ""
                    }
                  }
                ]
              },
              "ResourceId": {
                "Ref": "ApiGatewayResourceAnyVar"
              },
              "RestApiId": {
                "Ref": "ApiGatewayRestApi"
              }
            }
          },
          "ApiGatewayMethodNewslettersCreateOptions": {
            "Type": "AWS::ApiGateway::Method",
            "Properties": {
              "AuthorizationType": "NONE",
              "HttpMethod": "OPTIONS",
              "MethodResponses": [
                {
                  "StatusCode": "200",
                  "ResponseParameters": {
                    "method.response.header.Access-Control-Allow-Origin": true,
                    "method.response.header.Access-Control-Allow-Headers": true,
                    "method.response.header.Access-Control-Allow-Methods": true
                  },
                  "ResponseModels": {}
                }
              ],
              "RequestParameters": {},
              "Integration": {
                "Type": "MOCK",
                "RequestTemplates": {
                  "application/json": "{statusCode:200}"
                },
                "ContentHandling": "CONVERT_TO_TEXT",
                "IntegrationResponses": [
                  {
                    "StatusCode": "200",
                    "ResponseParameters": {
                      "method.response.header.Access-Control-Allow-Origin": "'*'",
                      "method.response.header.Access-Control-Allow-Headers": "'*'",
                      "method.response.header.Access-Control-Allow-Methods": "'OPTIONS,POST'"
                    },
                    "ResponseTemplates": {
                      "application/json": ""
                    }
                  }
                ]
              },
              "ResourceId": {
                "Ref": "ApiGatewayResourceNewslettersCreate"
              },
              "RestApiId": {
                "Ref": "ApiGatewayRestApi"
              }
            }
          },
          "ApiGatewayMethodAny": {
            "Type": "AWS::ApiGateway::Method",
            "Properties": {
              "HttpMethod": "ANY",
              "RequestParameters": {},
              "ResourceId": {
                "Fn::GetAtt": [
                  "ApiGatewayRestApi",
                  "RootResourceId"
                ]
              },
              "RestApiId": {
                "Ref": "ApiGatewayRestApi"
              },
              "ApiKeyRequired": false,
              "AuthorizationType": "NONE",
              "Integration": {
                "IntegrationHttpMethod": "POST",
                "Type": "AWS_PROXY",
                "Uri": {
                  "Fn::Join": [
                    "",
                    [
                      "arn:",
                      {
                        "Ref": "AWS::Partition"
                      },
                      ":apigateway:",
                      {
                        "Ref": "AWS::Region"
                      },
                      ":lambda:path/2015-03-31/functions/",
                      {
                        "Fn::GetAtt": [
                          "ServeLambdaFunction",
                          "Arn"
                        ]
                      },
                      "/invocations"
                    ]
                  ]
                }
              },
              "MethodResponses": []
            },
            "DependsOn": [
              "ServeLambdaPermissionApiGateway"
            ]
          },
          "ApiGatewayMethodAnyVarAny": {
            "Type": "AWS::ApiGateway::Method",
            "Properties": {
              "HttpMethod": "ANY",
              "RequestParameters": {},
              "ResourceId": {
                "Ref": "ApiGatewayResourceAnyVar"
              },
              "RestApiId": {
                "Ref": "ApiGatewayRestApi"
              },
              "ApiKeyRequired": false,
              "AuthorizationType": "NONE",
              "Integration": {
                "IntegrationHttpMethod": "POST",
                "Type": "AWS_PROXY",
                "Uri": {
                  "Fn::Join": [
                    "",
                    [
                      "arn:",
                      {
                        "Ref": "AWS::Partition"
                      },
                      ":apigateway:",
                      {
                        "Ref": "AWS::Region"
                      },
                      ":lambda:path/2015-03-31/functions/",
                      {
                        "Fn::GetAtt": [
                          "ServeLambdaFunction",
                          "Arn"
                        ]
                      },
                      "/invocations"
                    ]
                  ]
                }
              },
              "MethodResponses": []
            },
            "DependsOn": [
              "ServeLambdaPermissionApiGateway"
            ]
          },
          "ApiGatewayMethodNewslettersGet": {
            "Type": "AWS::ApiGateway::Method",
            "Properties": {
              "HttpMethod": "GET",
              "RequestParameters": {},
              "ResourceId": {
                "Ref": "ApiGatewayResourceNewsletters"
              },
              "RestApiId": {
                "Ref": "ApiGatewayRestApi"
              },
              "ApiKeyRequired": false,
              "AuthorizationType": "NONE",
              "Integration": {
                "IntegrationHttpMethod": "POST",
                "Type": "AWS_PROXY",
                "Uri": {
                  "Fn::Join": [
                    "",
                    [
                      "arn:",
                      {
                        "Ref": "AWS::Partition"
                      },
                      ":apigateway:",
                      {
                        "Ref": "AWS::Region"
                      },
                      ":lambda:path/2015-03-31/functions/",
                      {
                        "Fn::GetAtt": [
                          "ServeLambdaFunction",
                          "Arn"
                        ]
                      },
                      "/invocations"
                    ]
                  ]
                }
              },
              "MethodResponses": []
            },
            "DependsOn": [
              "ServeLambdaPermissionApiGateway"
            ]
          },
          "ApiGatewayMethodNewslettersCreatePost": {
            "Type": "AWS::ApiGateway::Method",
            "Properties": {
              "HttpMethod": "POST",
              "RequestParameters": {},
              "ResourceId": {
                "Ref": "ApiGatewayResourceNewslettersCreate"
              },
              "RestApiId": {
                "Ref": "ApiGatewayRestApi"
              },
              "ApiKeyRequired": false,
              "AuthorizationType": "NONE",
              "Integration": {
                "IntegrationHttpMethod": "POST",
                "Type": "AWS_PROXY",
                "Uri": {
                  "Fn::Join": [
                    "",
                    [
                      "arn:",
                      {
                        "Ref": "AWS::Partition"
                      },
                      ":apigateway:",
                      {
                        "Ref": "AWS::Region"
                      },
                      ":lambda:path/2015-03-31/functions/",
                      {
                        "Fn::GetAtt": [
                          "ServeLambdaFunction",
                          "Arn"
                        ]
                      },
                      "/invocations"
                    ]
                  ]
                }
              },
              "MethodResponses": []
            },
            "DependsOn": [
              "ServeLambdaPermissionApiGateway"
            ]
          },
          "ApiGatewayDeployment1653505292705": {
            "Type": "AWS::ApiGateway::Deployment",
            "Properties": {
              "RestApiId": {
                "Ref": "ApiGatewayRestApi"
              },
              "StageName": "dev"
            },
            "DependsOn": [
              "ApiGatewayMethodOptions",
              "ApiGatewayMethodAnyVarOptions",
              "ApiGatewayMethodNewslettersCreateOptions",
              "ApiGatewayMethodAny",
              "ApiGatewayMethodAnyVarAny",
              "ApiGatewayMethodNewslettersGet",
              "ApiGatewayMethodNewslettersCreatePost"
            ]
          },
          "ServeLambdaPermissionApiGateway": {
            "Type": "AWS::Lambda::Permission",
            "Properties": {
              "FunctionName": {
                "Fn::GetAtt": [
                  "ServeLambdaFunction",
                  "Arn"
                ]
              },
              "Action": "lambda:InvokeFunction",
              "Principal": "apigateway.amazonaws.com",
              "SourceArn": {
                "Fn::Join": [
                  "",
                  [
                    "arn:",
                    {
                      "Ref": "AWS::Partition"
                    },
                    ":execute-api:",
                    {
                      "Ref": "AWS::Region"
                    },
                    ":",
                    {
                      "Ref": "AWS::AccountId"
                    },
                    ":",
                    {
                      "Ref": "ApiGatewayRestApi"
                    },
                    "/*/*"
                  ]
                ]
              }
            }
          },
          "AuthFailureGatewayResponse": {
            "Type": "AWS::ApiGateway::GatewayResponse",
            "Properties": {
              "ResponseParameters": {
                "gatewayresponse.header.Access-Control-Allow-Origin": "'*'",
                "gatewayresponse.header.Access-Control-Allow-Headers": "'*'"
              },
              "ResponseType": "UNAUTHORIZED",
              "RestApiId": {
                "Ref": "ApiGatewayRestApi"
              },
              "StatusCode": "401"
            }
          },
          "DistBucket": {
            "Type": "AWS::S3::Bucket",
            "DeletionPolicy": "Delete",
            "Properties": {
              "CorsConfiguration": {
                "CorsRules": [
                  {
                    "AllowedHeaders": [
                      "*"
                    ],
                    "AllowedMethods": [
                      "GET"
                    ],
                    "AllowedOrigins": [
                      {
                        "Fn::Join": [
                          "",
                          [
                            "https://",
                            {
                              "Ref": "ApiGatewayRestApi"
                            },
                            ".execute-api.",
                            {
                              "Ref": "AWS::Region"
                            },
                            ".amazonaws.com"
                          ]
                        ]
                      }
                    ],
                    "MaxAge": 3000
                  }
                ]
              }
            }
          }
        },
        "Outputs": {
          "ServerlessDeploymentBucketName": {
            "Value": {
              "Ref": "ServerlessDeploymentBucket"
            },
            "Export": {
              "Name": "sls-web-app-dev-ServerlessDeploymentBucketName"
            }
          },
          "ServeLambdaFunctionQualifiedArn": {
            "Description": "Current Lambda function version",
            "Value": {
              "Ref": "ServeLambdaVersion8vcteUpkdPN8RDjtDhjSFG3RNb29D1aZx3oQayz1jY"
            },
            "Export": {
              "Name": "sls-web-app-dev-ServeLambdaFunctionQualifiedArn"
            }
          },
          "ServiceEndpoint": {
            "Description": "URL of the service endpoint",
            "Value": {
              "Fn::Join": [
                "",
                [
                  "https://",
                  {
                    "Ref": "ApiGatewayRestApi"
                  },
                  ".execute-api.",
                  {
                    "Ref": "AWS::Region"
                  },
                  ".",
                  {
                    "Ref": "AWS::URLSuffix"
                  },
                  "/dev"
                ]
              ]
            },
            "Export": {
              "Name": "sls-web-app-dev-ServiceEndpoint"
            }
          },
          "ApiGatewayRestApi": {
            "Description": "API Gateway Endpoint",
            "Value": {
              "Ref": "ApiGatewayRestApi"
            }
          },
          "DistBucket": {
            "Description": "Distribution S3 Bucket",
            "Value": {
              "Ref": "DistBucket"
            }
          }
        }
      },
      "coreCloudFormationTemplate": {
        "AWSTemplateFormatVersion": "2010-09-09",
        "Description": "The AWS CloudFormation template for this Serverless application",
        "Resources": {
          "ServerlessDeploymentBucket": {
            "Type": "AWS::S3::Bucket",
            "Properties": {
              "BucketEncryption": {
                "ServerSideEncryptionConfiguration": [
                  {
                    "ServerSideEncryptionByDefault": {
                      "SSEAlgorithm": "AES256"
                    }
                  }
                ]
              }
            }
          },
          "ServerlessDeploymentBucketPolicy": {
            "Type": "AWS::S3::BucketPolicy",
            "Properties": {
              "Bucket": {
                "Ref": "ServerlessDeploymentBucket"
              },
              "PolicyDocument": {
                "Statement": [
                  {
                    "Action": "s3:*",
                    "Effect": "Deny",
                    "Principal": "*",
                    "Resource": [
                      {
                        "Fn::Join": [
                          "",
                          [
                            "arn:",
                            {
                              "Ref": "AWS::Partition"
                            },
                            ":s3:::",
                            {
                              "Ref": "ServerlessDeploymentBucket"
                            },
                            "/*"
                          ]
                        ]
                      },
                      {
                        "Fn::Join": [
                          "",
                          [
                            "arn:",
                            {
                              "Ref": "AWS::Partition"
                            },
                            ":s3:::",
                            {
                              "Ref": "ServerlessDeploymentBucket"
                            }
                          ]
                        ]
                      }
                    ],
                    "Condition": {
                      "Bool": {
                        "aws:SecureTransport": false
                      }
                    }
                  }
                ]
              }
            }
          }
        },
        "Outputs": {
          "ServerlessDeploymentBucketName": {
            "Value": {
              "Ref": "ServerlessDeploymentBucket"
            }
          }
        }
      },
      "vpc": {}
    },
    "custom": {
      "database": {
        "host": "54.197.143.61",
        "username": "vine_reserve",
        "password": "V1n3r353rv3clu6",
        "name": "vinereserveclub",
        "port": 51853
      },
      "distBucketUrl": {
        "us-east-1": {
          "Fn::Join": [
            "",
            [
              "https://s3.amazonaws.com/",
              {
                "Ref": "DistBucket"
              }
            ]
          ]
        },
        "default": {
          "Fn::Join": [
            "",
            [
              "https://s3-",
              {
                "Ref": "AWS::Region"
              },
              ".amazonaws.com/",
              {
                "Ref": "DistBucket"
              }
            ]
          ]
        }
      },
      "customDomain": {
        "domainName": "vinereserveclub.smartssi.net",
        "basePath": "",
        "certificateName": "vinereserveclub.smartssi.net",
        "hostedZoneId": "Z263V7ON7KO4BT",
        "createRoute53Record": true
      },
      "customCertificate": {
        "certificateName": "vinereserveclub.smartssi.net",
        "idempotencyToken": "vinereserveclubsmartssinet",
        "hostedZoneIds": "Z263V7ON7KO4BT",
        "enabled": true,
        "rewriteRecords": false
      },
      "scripts": {
        "hooks": {
          "package:initialize": "npm run build:browser",
          "deploy:finalize": "npx sls s3deploy --stage dev"
        }
      },
      "webpack": {
        "webpackConfig": "webpack.server.config.js"
      },
      "assets": {
        "auto": false,
        "targets": [
          {
            "bucket": {
              "Ref": "DistBucket"
            },
            "acl": "public-read",
            "files": [
              {
                "source": "dist/",
                "headers": {
                  "CacheControl": "max-age=31104000"
                },
                "globs": [
                  "**/*"
                ]
              }
            ]
          }
        ]
      },
      "serverless-offline": {
        "useChildProcesses": true,
        "noPrependStageInUrl": true,
        "httpPort": 3000,
        "lambdaPort": 3002
      }
    },
    "plugins": [
      "serverless-webpack",
      "serverless-plugin-scripts",
      "serverless-offline",
      "serverless-s3-deploy",
      "serverless-domain-manager",
      "serverless-certificate-creator"
    ],
    "pluginsData": {},
    "functions": {
      "serve": {
        "handler": "handler.serve",
        "events": [
          {
            "http": {
              "path": "",
              "method": "any",
              "cors": {
                "origin": "*",
                "methods": [
                  "OPTIONS",
                  "ANY"
                ],
                "headers": [
                  "Content-Type",
                  "X-Amz-Date",
                  "Authorization",
                  "X-Api-Key",
                  "X-Amz-Security-Token",
                  "X-Amz-User-Agent"
                ],
                "allowCredentials": false
              },
              "integration": "AWS_PROXY"
            }
          },
          {
            "http": {
              "path": "{any+}",
              "method": "any",
              "cors": {
                "origin": "*",
                "methods": [
                  "OPTIONS",
                  "ANY"
                ],
                "headers": [
                  "Content-Type",
                  "X-Amz-Date",
                  "Authorization",
                  "X-Api-Key",
                  "X-Amz-Security-Token",
                  "X-Amz-User-Agent"
                ],
                "allowCredentials": false
              },
              "integration": "AWS_PROXY"
            }
          },
          {
            "http": {
              "path": "newsletters",
              "method": "get",
              "cors": false,
              "integration": "AWS_PROXY"
            }
          },
          {
            "http": {
              "path": "newsletters/create",
              "method": "post",
              "cors": {
                "origin": "*",
                "methods": [
                  "OPTIONS",
                  "POST"
                ],
                "headers": [
                  "*"
                ],
                "allowCredentials": false
              },
              "integration": "AWS_PROXY"
            }
          }
        ],
        "name": "web-app-dev-serve",
        "package": {
          "artifact": ".serverless/web-app.zip"
        },
        "memory": 512,
        "timeout": 30,
        "runtime": "nodejs14.x",
        "vpc": {},
        "versionLogicalId": "ServeLambdaVersion8vcteUpkdPN8RDjtDhjSFG3RNb29D1aZx3oQayz1jY"
      }
    },
    "resources": {
      "Resources": {
        "ApiGatewayRestApi": {
          "Type": "AWS::ApiGateway::RestApi",
          "Properties": {
            "MinimumCompressionSize": 1000
          }
        },
        "AuthFailureGatewayResponse": {
          "Type": "AWS::ApiGateway::GatewayResponse",
          "Properties": {
            "ResponseParameters": {
              "gatewayresponse.header.Access-Control-Allow-Origin": "'*'",
              "gatewayresponse.header.Access-Control-Allow-Headers": "'*'"
            },
            "ResponseType": "UNAUTHORIZED",
            "RestApiId": {
              "Ref": "ApiGatewayRestApi"
            },
            "StatusCode": "401"
          }
        },
        "DistBucket": {
          "Type": "AWS::S3::Bucket",
          "DeletionPolicy": "Delete",
          "Properties": {
            "CorsConfiguration": {
              "CorsRules": [
                {
                  "AllowedHeaders": [
                    "*"
                  ],
                  "AllowedMethods": [
                    "GET"
                  ],
                  "AllowedOrigins": [
                    {
                      "Fn::Join": [
                        "",
                        [
                          "https://",
                          {
                            "Ref": "ApiGatewayRestApi"
                          },
                          ".execute-api.",
                          {
                            "Ref": "AWS::Region"
                          },
                          ".amazonaws.com"
                        ]
                      ]
                    }
                  ],
                  "MaxAge": 3000
                }
              ]
            }
          }
        }
      },
      "Outputs": {
        "ApiGatewayRestApi": {
          "Description": "API Gateway Endpoint",
          "Value": {
            "Ref": "ApiGatewayRestApi"
          }
        },
        "DistBucket": {
          "Description": "Distribution S3 Bucket",
          "Value": {
            "Ref": "DistBucket"
          }
        }
      }
    },
    "configValidationMode": "warn",
    "disabledDeprecations": [
      "CLI_OPTIONS_SCHEMA"
    ],
    "serviceFilename": "serverless.yml",
    "initialServerlessConfig": {
      "service": {
        "$ref": "$[\"service\"][\"serviceObject\"]"
      },
      "frameworkVersion": "2",
      "useDotenv": true,
      "variablesResolutionMode": "20210326",
      "disabledDeprecations": {
        "$ref": "$[\"service\"][\"disabledDeprecations\"]"
      },
      "provider": {
        "$ref": "$[\"service\"][\"provider\"]"
      },
      "plugins": {
        "$ref": "$[\"service\"][\"plugins\"]"
      },
      "functions": {
        "$ref": "$[\"service\"][\"functions\"]"
      },
      "custom": {
        "$ref": "$[\"service\"][\"custom\"]"
      },
      "resources": {
        "$ref": "$[\"service\"][\"resources\"]"
      }
    },
    "layers": {},
    "isDashboardMonitoringPreconfigured": false
  },
  "package": {
    "artifactDirectoryName": "serverless/web-app/dev/1653505326095-2022-05-25T19:02:06.095Z",
    "artifact": ""
  }
}